stride,result
16,0.0817522
32,0.0708723
64,0.0819675
128,0.111911
256,0.131897
512,0.134302
